timestamp,strategy,reward
2025-06-27 21:55:36,RuleStrategyA,0.0
2025-06-27 22:00:36,RuleStrategyE,0.0
2025-06-27 22:05:36,RuleStrategyB,0.0
2025-06-27 22:10:36,PPOStrategy,0.0
2025-06-29 22:14:04,RuleStrategyE,0.0
2025-06-29 22:19:04,RuleStrategyB,0.0
2025-06-29 22:20:06,RuleStrategyB,0.0
2025-06-29 22:23:36,RuleStrategyB,0.0
2025-06-29 22:24:28,PPOStrategy,0.0
2025-06-29 22:29:28,RuleStrategyD,0.0
2025-06-29 22:30:32,RuleStrategyE,0.0
2025-06-29 22:35:32,RuleStrategyB,0.0
2025-06-29 22:39:08,RuleStrategyA,0.0
2025-06-29 22:44:08,RuleStrategyD,0.0
2025-06-29 22:45:16,RuleStrategyD,0.0
2025-06-29 22:51:23,RuleStrategyB,0.0
2025-06-29 22:53:45,RuleStrategyC,0.0
2025-06-29 22:56:55,RuleStrategyA,0.0
2025-06-29 23:01:55,PPOStrategy,0.0
2025-06-29 23:04:30,RuleStrategyA,0.0
2025-07-21 20:55:58,RuleStrategyC,0.0
2025-07-21 20:55:58,RuleStrategyE,0.0
2025-07-21 20:55:58,RuleStrategyA,0.0
2025-07-21 20:55:58,RuleStrategyD,0.0
2025-07-21 20:55:58,RuleStrategyB,0.0
2025-07-21 20:55:58,RuleStrategyA,0.0
2025-07-21 20:55:58,RuleStrategyA,0.0
2025-07-21 20:55:58,RuleStrategyA,0.0
2025-07-21 20:55:58,RuleStrategyA,0.0
2025-07-21 20:55:58,RuleStrategyA,0.0
2025-07-21 20:55:58,RuleStrategyA,0.0
2025-07-21 20:55:58,RuleStrategyC,0.0
2025-07-21 20:55:58,RuleStrategyA,0.0
2025-07-21 20:55:58,RuleStrategyB,0.0
2025-07-21 20:55:58,RuleStrategyA,0.0
2025-07-21 20:55:58,RuleStrategyA,0.0
2025-07-21 20:55:58,RuleStrategyC,0.0
2025-07-21 20:55:58,RuleStrategyB,0.0
2025-07-21 20:55:58,RuleStrategyA,0.0
2025-07-21 20:55:58,RuleStrategyA,0.0
2025-07-21 20:55:58,RuleStrategyA,0.0
2025-07-21 20:55:58,RuleStrategyA,0.0
2025-07-21 20:55:58,RuleStrategyA,0.0
2025-07-21 20:55:58,RuleStrategyA,0.0
2025-07-21 20:55:58,RuleStrategyA,0.0
2025-07-21 20:55:58,RuleStrategyA,0.0
2025-07-21 20:55:58,RuleStrategyA,0.0
2025-07-21 20:55:58,RuleStrategyA,0.0
2025-07-21 20:55:58,RuleStrategyA,0.0
2025-07-21 20:55:58,RuleStrategyA,0.0
2025-07-21 20:55:58,RuleStrategyA,0.0
2025-07-21 20:55:58,RuleStrategyA,0.0
2025-07-21 20:55:58,RuleStrategyA,0.0
2025-07-21 20:55:58,RuleStrategyA,0.0
2025-07-21 20:55:58,RuleStrategyA,0.0
2025-07-21 20:55:58,RuleStrategyA,0.0
2025-07-21 20:55:58,RuleStrategyA,0.0
2025-07-21 20:55:58,RuleStrategyA,0.0
2025-07-21 20:55:58,RuleStrategyA,0.0
2025-07-21 20:55:58,RuleStrategyA,0.0
2025-07-21 20:55:58,RuleStrategyA,0.0
2025-07-21 20:55:58,RuleStrategyA,0.0
2025-07-21 20:55:58,RuleStrategyC,0.0
2025-07-21 20:55:58,RuleStrategyA,0.0
2025-07-21 20:55:58,RuleStrategyA,0.0
2025-07-21 20:55:58,RuleStrategyA,0.0
2025-07-21 20:55:58,RuleStrategyA,0.0
2025-07-21 21:00:07,RuleStrategyA,0.0
2025-07-21 21:00:07,RuleStrategyC,0.0
2025-07-21 21:00:07,RuleStrategyB,0.0
2025-07-21 21:00:07,RuleStrategyE,0.0
2025-07-21 21:00:07,RuleStrategyD,0.0
2025-07-21 21:00:07,RuleStrategyA,0.0
2025-07-21 21:00:07,RuleStrategyA,0.0
2025-07-21 21:00:07,RuleStrategyA,0.0
2025-07-21 21:00:07,RuleStrategyA,0.0
2025-07-21 21:00:07,RuleStrategyA,0.0
2025-07-21 21:00:07,RuleStrategyA,0.0
2025-07-21 21:00:07,RuleStrategyA,0.0
2025-07-21 21:00:07,RuleStrategyA,0.0
2025-07-21 21:00:07,RuleStrategyA,0.0
2025-07-21 21:00:07,RuleStrategyD,0.0
2025-07-21 21:00:07,RuleStrategyA,0.0
2025-07-21 21:00:07,RuleStrategyA,0.0
2025-07-21 21:00:07,RuleStrategyA,0.0
2025-07-21 21:00:07,RuleStrategyA,0.0
2025-07-21 21:00:07,RuleStrategyA,0.0
2025-07-21 21:00:07,RuleStrategyA,0.0
2025-07-21 21:00:07,RuleStrategyA,0.0
2025-07-21 21:00:07,RuleStrategyA,0.0
2025-07-21 21:00:07,RuleStrategyA,0.0
2025-07-21 21:00:07,RuleStrategyA,0.0
2025-07-21 21:00:07,RuleStrategyA,0.0
2025-07-21 21:00:07,RuleStrategyA,0.0
2025-07-21 21:00:08,RuleStrategyA,0.0
2025-07-21 21:00:08,RuleStrategyA,0.0
2025-07-21 21:00:08,RuleStrategyA,0.0
2025-07-21 21:00:08,RuleStrategyA,0.0
2025-07-21 21:00:08,RuleStrategyA,0.0
2025-07-21 21:00:08,RuleStrategyA,0.0
2025-07-21 21:00:08,RuleStrategyB,0.0
2025-07-21 21:00:08,RuleStrategyA,0.0
2025-07-21 21:00:08,RuleStrategyA,0.0
2025-07-21 21:00:08,RuleStrategyA,0.0
2025-07-21 21:00:08,RuleStrategyA,0.0
2025-07-21 21:00:08,RuleStrategyA,0.0
2025-07-21 21:00:08,RuleStrategyA,0.0
2025-07-21 21:00:08,RuleStrategyA,0.0
2025-07-21 21:00:08,RuleStrategyA,0.0
2025-07-21 21:00:08,RuleStrategyA,0.0
2025-07-21 21:00:08,RuleStrategyA,0.0
2025-07-21 21:00:08,RuleStrategyA,0.0
2025-07-21 21:00:08,RuleStrategyA,0.0
2025-07-21 21:00:08,RuleStrategyA,0.0
2025-07-21 21:00:08,RuleStrategyB,0.0
2025-07-21 21:00:08,RuleStrategyA,0.0
2025-07-21 21:00:08,RuleStrategyA,0.0
